x_m,y_m,w_tr_right_m,w_tr_left_m
-1.2738483495246533,-2.069566341366033,2.432477741434272,2.4324777414342726
2.376687785551245,-4.682147872664395,2.259637009128472,2.2596370091284723
5.993308802948464,-7.397902574079403,2.1262671231569246,2.126267123156925
9.607128203956265,-10.122225282922594,2.034051583549011,2.0340515835490107
13.249259489863915,-12.760510836505503,1.9858168580329538,1.9858168580329538
16.950816161960674,-15.218154072139672,1.9853923844517227,1.9853923844517227
20.742911721535812,-17.400549827136633,2.0374123524261263,2.0374123524261285
24.656659669878586,-19.21309293880793,2.1470864168310286,2.147086416831029
28.723173508278258,-20.561178244465093,2.3199978502314087,2.3199978502314087
32.96349475595867,-21.323670509275374,2.5883303108856457,2.588330310885642
37.06695657491437,-20.4535652430078,3.129517062938216,3.1295170629382203
40.94266710111613,-18.08866865215785,3.181199458574848,3.1811994585748518
46.61388446138004,-14.079245464668855,3.210103881370248,4.640149731514939
50.001232491499415,-11.1138130398901,3.156870655632231,4.715662690221683
52.94166524257812,-7.854816623848512,3.0531998117306607,4.8313363388326245
55.28208828045744,-4.264793344714276,2.91388624381152,4.98997661093031
56.89439294023663,-0.3437210146900598,2.789718757513743,5.164941377148826
57.826448735051066,3.7702229767907323,2.754613953651078,5.227360133929995
58.21166812312887,8.022243029670125,2.7807373727271405,5.338325618496007
58.18366093183868,12.383549055023742,2.832262871763227,5.488320152971447
57.87603698854912,16.825350963927185,2.879171203863135,5.619974415092424
57.42240612062879,21.31885866745608,2.8959086482554546,5.684260377339526
56.95637815544637,25.83528207668605,2.860120095778683,5.6409857536516155
56.6110404816287,30.34594510765119,2.753096058111528,5.458955743564614
56.476358112989864,34.83158170699487,2.602665440944621,5.148679580842885
56.5675467122384,39.28922059874377,2.5106053770549637,4.780088143509791
56.85266822509206,43.71800166502305,2.5406072477404638,4.439122550835439
57.19624559039981,48.11833932433374,2.6496830096737987,4.208908389593469
57.291154079763785,50.2078632782878,2.644536027607261,2.644536027607264
57.43986159883498,54.57219718908459,2.7139172397244877,2.7139172397244833
57.29449597495934,58.913549726399175,2.814120740064865,2.814120740064865
56.112343320606904,65.44511334364212,2.757286160176982,4.422266660165385
54.35699535487572,69.48931092814234,2.517347118030249,4.670438454020453
51.136377385935305,72.34255412786777,2.676115440247687,5.245600469996703
44.6271817511947,73.07856964477966,2.618807513263524,8.461017327782251
39.34242517384143,69.13008033929535,2.5902938511482585,11.574316780514653
38.09064077213917,64.99404608631201,2.550743958130443,12.298545002164147
38.45871149606545,60.60310796481993,2.591912879207374,13.132243204771523
38.25892772336309,56.24584990611801,2.6929220869786152,14.032359570124749
36.300944269609246,52.3799218942669,2.9588584219314225,13.570061900391865
34.759928229420275,50.96366163910335,2.4340976306268822,10.412601291483519
31.126486547077484,48.4120869471042,2.099117425420556,9.5463214411112
27.43554744342198,45.93741972487714,2.2080596854345873,9.236255003280558
24.650269112976297,42.66439919179535,2.673171471228914,9.084828199863026
24.323954234885946,36.49170925531243,2.392378506810053,11.227684265788596
26.90425275454775,33.1233508191749,2.311176421881171,12.136083874016029
30.189544614459976,29.777040411854735,2.3571058724745386,13.74729706464365
32.659090868599165,25.998219235103463,2.4305448932884293,14.58163731463329
33.17118172185117,23.95382235899202,2.846925237152959,11.990720375902857
32.76402043823374,19.865593876885004,2.6736580254458873,10.205049993822719
31.535280984445876,18.150996684521928,2.9339750044862516,6.835202302411983
28.275958716407757,15.124243357351624,2.559480774776372,6.002859396591811
24.16256605539125,13.595414723893313,2.6570001154202756,4.783480691040448
22.072247777847927,13.376010109219434,2.589106328465794,2.589106328465794
17.74169983168177,13.679183360730004,2.433765753298622,2.4337657532986228
13.54034910907459,14.990226182682322,2.5341821168404635,2.5341821168404635
11.63169784300818,15.911388080414508,2.7802018716346786,4.281812674210794
7.919345805286854,18.303383502619525,2.5974753521776943,4.827140946548347
4.73433890885431,21.309021961707472,2.5818699015113915,5.46078925815424
2.1947446084577407,24.868712085821073,2.7124818045035575,6.172614959715327
1.2731122627953568,26.758433240576036,2.8858848840724485,8.830619694390487
-0.09792494725998435,30.958610010266614,2.595351633559585,9.519449668032678
-0.5070301676865772,35.32961611989353,2.5406105962556342,10.134830663430579
-0.031229736868128466,39.65321451169339,2.7030888376628837,10.567640502745586
0.39374901362103387,41.66243447806786,2.7486468695026227,13.033655652067337
1.5168799866177398,45.88149026967827,2.6122319240744654,13.089168107173348
2.7499708995252012,50.10189248704264,2.560606349271509,12.948041199797695
3.8451334847561855,54.3832567359547,2.582909534604714,12.754185999566952
4.553596555369149,58.78373338349296,2.6627867700769774,12.224486515855169
4.175625983161525,65.51637335903739,2.6543607581915216,8.843967732236605
2.3090221736222403,69.39185673476798,2.6931402496722185,8.289507319520958
-3.2144384655010665,72.89214853343563,2.6771735066379425,5.840634540872355
-7.457801232046686,74.18630954613853,2.5300934820084255,5.580973858137151
-11.835580153612693,74.68370783887755,2.473323866073533,5.404242482652002
-16.244577237148647,74.35530028889036,2.488414877673929,5.139356052965952
-20.504043201551173,73.14255177617505,2.5260269741731163,4.598350816911256
-25.533550980991045,69.15693720041709,2.632621451591299,2.6326214515912953
-27.092430291943934,65.00117691653466,2.647077557225489,2.647077557225489
-26.49283447645177,58.430560204969595,2.7226997218327162,4.23571764401134
-24.844500541110534,54.42985739367876,2.53259520847521,4.445292152944896
-22.85683042698828,50.48807176769766,2.5825129195688166,4.395956051116489
-21.90823870629999,48.57517770032477,2.6900273713114466,2.6900273713114466
-20.494787116503478,44.38784584713245,2.5938685745927983,2.5938685745927983
-20.366573102615586,39.95999661468802,2.6824024274399894,2.6824024274399894
-20.97070252812503,37.952214227476404,2.6787276011573184,5.135452697151742
-23.794219804656468,34.793355932933444,2.6759879852367514,6.519751710722859
-25.713217167869587,33.88296117672081,2.5857391180100504,9.12305589313421
-29.93668116226202,32.407403397154326,2.5010602509004745,8.28363145620657
-35.46935195916889,28.990813323544323,2.9980105329945053,4.764935278181963
-36.64202071952123,22.576833194222132,2.6267134004461616,2.626713400446155
-34.76449474616285,18.69803116813375,2.535404290366195,2.535404290366195
-31.35787870268249,15.941707320456779,2.8899392350687134,2.8899392350687094
-25.777188692008792,12.286243356163624,3.1686492707232654,4.504513857390929
-21.965869936906188,10.121149731838598,3.298916316456399,4.60458012586587
-20.12939991114871,9.107578794099915,3.3136851672583347,3.313685167258338
-16.328061939281667,6.979108879999551,3.224923912589929,3.224923912589929
-12.525199534120137,4.845259001505676,3.0642840657135584,3.064284065713559
-8.737450958729685,2.6579295665153646,2.8598415939373534,2.8598415939373525
-4.9814544761759985,0.36902098292576824,2.6399534697825335,2.6399534697825335
-1.2738483495246489,-2.0695663413660363,2.4324777414342713,2.4324777414342713
