x,y
197.0,31.0
197.0,32.0
198.0,33.0
198.0,34.0
198.0,35.0
198.0,37.0
198.0,38.0
198.0,39.0
199.0,40.0
199.0,42.0
199.0,43.0
199.0,44.0
200.0,46.0
200.0,47.0
200.0,48.0
201.0,50.0
202.0,52.0
202.0,53.0
203.0,55.0
203.0,56.0
203.0,58.0
203.0,59.0
203.0,60.0
203.0,62.0
204.0,64.0
204.0,66.0
204.0,67.0
204.0,69.0
204.0,71.0
204.0,72.0
205.0,75.0
205.0,76.0
205.0,78.0
205.0,80.0
205.0,82.0
204.0,83.0
204.0,85.0
204.0,87.0
204.0,88.0
203.0,90.0
202.0,92.0
202.0,93.0
201.0,95.0
200.0,97.0
199.0,98.0
198.0,100.0
197.0,101.0
196.0,103.0
196.0,105.0
195.0,107.0
194.0,109.0
194.0,110.0
193.0,112.0
192.0,115.0
191.0,116.0
190.0,118.0
189.0,119.0
188.0,122.0
187.0,124.0
186.0,125.0
185.0,128.0
184.0,129.0
183.0,132.0
182.0,134.0
180.0,137.0
179.0,139.0
178.0,141.0
177.0,144.0
175.0,147.0
174.0,150.0
173.0,152.0
171.0,156.0
170.0,157.0
168.0,161.0
167.0,164.0
165.0,167.0
163.0,171.0
161.0,175.0
159.0,178.0
157.0,183.0
155.0,187.0
153.0,192.0
152.0,199.0
149.0,201.0
146.0,203.0
144.0,205.0
142.0,206.0
139.0,207.0
136.0,207.0
133.0,207.0
129.0,207.0
125.0,206.0
122.0,205.0
120.0,203.0
118.0,200.0
115.0,194.0
113.0,186.0
117.0,133.0
116.0,129.0
115.0,124.0
123.0,69.0
122.0,71.0
121.0,71.0
120.0,71.0
120.0,70.0
119.0,71.0
118.0,71.0
117.0,71.0
116.0,72.0
115.0,73.0
114.0,73.0
113.0,73.0
112.0,74.0
79.0,145.0
75.0,148.0
72.0,151.0
68.0,152.0
66.0,152.0
63.0,152.0
60.0,152.0
57.0,152.0
54.0,152.0
52.0,152.0
51.0,151.0
47.0,150.0
45.0,149.0
43.0,148.0
41.0,146.0
39.0,144.0
37.0,143.0
34.0,141.0
33.0,140.0
32.0,138.0
31.0,136.0
30.0,133.0
29.0,130.0
28.0,128.0
26.0,125.0
25.0,123.0
24.0,120.0
24.0,118.0
25.0,115.0
24.0,111.0
26.0,108.0
27.0,104.0
29.0,100.0
32.0,96.0
36.0,91.0
44.0,83.0
51.0,77.0
56.0,72.0
56.0,71.0
58.0,68.0
57.0,66.0
57.0,65.0
56.0,64.0
55.0,62.0
55.0,61.0
55.0,60.0
54.0,59.0
52.0,57.0
52.0,56.0
52.0,55.0
50.0,53.0
49.0,52.0
49.0,51.0
48.0,50.0
46.0,48.0
46.0,47.0
45.0,46.0
44.0,45.0
44.0,43.0
42.0,41.0
41.0,40.0
41.0,39.0
41.0,37.0
41.0,36.0
42.0,34.0
42.0,33.0
43.0,31.0
44.0,29.0
45.0,28.0
45.0,26.0
46.0,25.0
47.0,23.0
47.0,22.0
48.0,21.0
49.0,20.0
51.0,18.0
52.0,17.0
53.0,16.0
55.0,15.0
56.0,14.0
57.0,13.0
59.0,12.0
63.0,12.0
64.0,11.0
66.0,10.0
75.0,12.0
88.0,15.0
89.0,15.0
91.0,15.0
93.0,15.0
95.0,15.0
97.0,15.0
98.0,15.0
100.0,15.0
101.0,15.0
102.0,15.0
103.0,15.0
106.0,16.0
107.0,16.0
108.0,16.0
109.0,16.0
110.0,16.0
109.0,15.0
110.0,15.0
112.0,16.0
111.0,15.0
112.0,15.0
115.0,17.0
113.0,15.0
116.0,17.0
114.0,15.0
115.0,15.0
116.0,15.0
117.0,16.0
116.0,14.0
117.0,15.0
116.0,13.0
118.0,15.0
117.0,13.0
118.0,14.0
118.0,13.0
119.0,14.0
120.0,15.0
119.0,13.0
120.0,13.0
121.0,14.0
122.0,15.0
121.0,13.0
122.0,14.0
122.0,13.0
123.0,14.0
123.0,13.0
123.0,12.0
124.0,14.0
124.0,13.0
125.0,15.0
125.0,14.0
126.0,16.0
126.0,15.0
127.0,16.0
127.0,15.0
128.0,16.0
128.0,15.0
129.0,16.0
129.0,15.0
130.0,15.0
131.0,15.0
131.0,16.0
132.0,16.0
133.0,15.0
133.0,16.0
134.0,15.0
134.0,16.0
135.0,15.0
135.0,16.0
136.0,15.0
136.0,16.0
137.0,15.0
138.0,14.0
139.0,13.0
138.0,15.0
139.0,14.0
140.0,13.0
140.0,14.0
140.0,15.0
141.0,14.0
140.0,16.0
142.0,14.0
140.0,17.0
142.0,15.0
143.0,14.0
143.0,15.0
144.0,14.0
143.0,16.0
144.0,15.0
145.0,15.0
146.0,15.0
144.0,17.0
147.0,15.0
145.0,17.0
148.0,15.0
149.0,15.0
148.0,16.0
150.0,15.0
151.0,15.0
152.0,15.0
153.0,15.0
154.0,15.0
153.0,16.0
155.0,15.0
157.0,15.0
158.0,15.0
159.0,15.0
160.0,15.0
160.0,16.0
161.0,16.0
162.0,16.0
164.0,16.0
169.0,15.0
171.0,15.0
179.0,13.0
181.0,13.0
182.0,14.0
182.0,15.0
185.0,15.0
186.0,16.0
187.0,16.0
188.0,17.0
189.0,18.0
190.0,19.0
191.0,20.0
193.0,21.0
192.0,22.0
193.0,23.0
193.0,24.0
193.0,25.0
194.0,26.0
195.0,27.0
195.0,28.0
196.0,29.0
192.0,115.0
190.0,118.0
189.0,119.0
188.0,122.0
187.0,124.0
185.0,128.0
184.0,129.0
183.0,132.0
182.0,134.0
180.0,137.0
180.0,138.0
178.0,141.0
177.0,143.0
177.0,144.0
176.0,146.0
174.0,150.0
173.0,152.0
172.0,154.0
171.0,156.0
170.0,157.0
169.0,160.0
168.0,161.0
167.0,164.0
166.0,165.0
165.0,167.0
163.0,170.0
163.0,171.0
162.0,173.0
161.0,175.0
160.0,177.0
158.0,180.0
157.0,182.0
157.0,183.0
156.0,185.0
155.0,188.0
154.0,189.0
153.0,192.0
152.0,195.0
153.0,198.0
152.0,199.0
150.0,200.0
148.0,202.0
146.0,203.0
144.0,205.0
142.0,206.0
139.0,207.0
136.0,207.0
134.0,207.0
131.0,207.0
127.0,206.0
125.0,206.0
120.0,203.0
74.0,148.0
74.0,149.0
73.0,149.0
73.0,150.0
72.0,150.0
72.0,151.0
64.0,140.0
70.0,152.0
69.0,151.0
69.0,152.0
68.0,152.0
67.0,152.0
66.0,152.0
65.0,152.0
59.0,139.0
64.0,152.0
63.0,152.0
62.0,152.0
61.0,151.0
61.0,152.0
60.0,152.0
59.0,152.0
58.0,151.0
58.0,152.0
57.0,152.0
56.0,151.0
55.0,150.0
55.0,152.0
54.0,151.0
54.0,152.0
53.0,152.0
52.0,152.0
50.0,136.0
51.0,151.0
50.0,150.0
49.0,137.0
49.0,150.0
48.0,150.0
47.0,150.0
47.0,135.0
46.0,149.0
45.0,149.0
45.0,148.0
44.0,148.0
44.0,146.0
43.0,148.0
43.0,145.0
42.0,147.0
42.0,144.0
41.0,146.0
41.0,144.0
40.0,144.0
40.0,143.0
39.0,144.0
39.0,143.0
42.0,132.0
38.0,143.0
37.0,143.0
37.0,142.0
37.0,141.0
36.0,142.0
36.0,140.0
35.0,141.0
41.0,128.0
34.0,141.0
34.0,140.0
33.0,140.0
33.0,139.0
34.0,137.0
32.0,139.0
32.0,138.0
32.0,137.0
33.0,135.0
32.0,136.0
31.0,136.0
31.0,135.0
33.0,132.0
30.0,135.0
30.0,134.0
38.0,125.0
30.0,133.0
30.0,132.0
30.0,131.0
37.0,124.0
32.0,128.0
29.0,130.0
31.0,128.0
29.0,129.0
30.0,128.0
29.0,128.0
30.0,127.0
28.0,128.0
28.0,127.0
31.0,125.0
28.0,126.0
27.0,126.0
35.0,121.0
27.0,125.0
26.0,125.0
27.0,124.0
26.0,124.0
26.0,123.0
25.0,123.0
25.0,122.0
36.0,118.0
26.0,121.0
25.0,121.0
26.0,120.0
24.0,120.0
25.0,119.0
24.0,119.0
26.0,118.0
24.0,118.0
29.0,117.0
24.0,117.0
29.0,116.0
26.0,116.0
24.0,116.0
29.0,115.0
25.0,115.0
26.0,114.0
26.0,113.0
30.0,113.0
35.0,113.0
26.0,112.0
30.0,112.0
24.0,111.0
27.0,111.0
25.0,110.0
26.0,110.0
28.0,110.0
26.0,109.0
27.0,109.0
28.0,109.0
26.0,108.0
28.0,108.0
27.0,107.0
28.0,107.0
27.0,106.0
28.0,106.0
36.0,109.0
27.0,105.0
28.0,105.0
27.0,104.0
28.0,104.0
29.0,104.0
28.0,103.0
28.0,102.0
29.0,102.0
30.0,102.0
29.0,101.0
30.0,101.0
29.0,100.0
30.0,100.0
29.0,99.0
30.0,99.0
30.0,98.0
31.0,98.0
31.0,97.0
32.0,97.0
32.0,96.0
33.0,96.0
33.0,95.0
34.0,96.0
33.0,94.0
34.0,94.0
34.0,93.0
41.0,103.0
35.0,93.0
35.0,92.0
36.0,93.0
36.0,92.0
36.0,91.0
37.0,92.0
37.0,91.0
42.0,101.0
38.0,91.0
38.0,90.0
39.0,91.0
39.0,90.0
39.0,88.0
40.0,90.0
40.0,88.0
40.0,87.0
41.0,88.0
41.0,86.0
42.0,89.0
42.0,86.0
45.0,99.0
43.0,86.0
43.0,85.0
44.0,86.0
44.0,83.0
45.0,86.0
41.0,35.0
42.0,33.0
43.0,31.0
44.0,29.0
46.0,25.0
47.0,22.0
49.0,20.0
51.0,18.0
53.0,16.0
54.0,16.0
56.0,14.0
58.0,13.0
60.0,12.0
62.0,12.0
64.0,11.0
66.0,10.0
67.0,10.0
69.0,12.0
71.0,12.0
73.0,12.0
75.0,12.0
76.0,13.0
78.0,13.0
79.0,14.0
82.0,15.0
84.0,15.0
86.0,15.0
87.0,16.0
90.0,15.0
92.0,15.0
94.0,15.0
96.0,15.0
98.0,15.0
100.0,15.0
102.0,15.0
103.0,15.0
106.0,16.0
109.0,15.0
112.0,15.0
116.0,13.0
118.0,13.0
121.0,13.0
123.0,12.0
125.0,14.0
128.0,15.0
131.0,15.0
134.0,15.0
138.0,14.0
140.0,13.0
144.0,14.0
146.0,15.0
150.0,15.0
154.0,15.0
157.0,15.0
160.0,15.0
164.0,16.0
170.0,15.0
177.0,13.0
181.0,13.0
184.0,15.0
187.0,16.0
189.0,18.0
191.0,20.0
193.0,21.0
193.0,24.0
195.0,27.0
196.0,29.0
198.0,33.0
198.0,35.0
199.0,40.0
199.0,41.0
200.0,45.0
200.0,47.0
201.0,50.0
203.0,54.0
203.0,55.0
203.0,58.0
204.0,63.0
204.0,64.0
204.0,67.0
204.0,70.0
205.0,74.0
205.0,75.0
205.0,78.0
205.0,81.0
204.0,84.0
204.0,87.0
203.0,90.0
202.0,93.0
200.0,96.0
199.0,99.0
197.0,101.0
196.0,104.0
195.0,107.0
194.0,109.0
193.0,112.0
205.0,76.0
205.0,78.0
205.0,80.0
205.0,82.0
204.0,84.0
204.0,87.0
204.0,88.0
203.0,90.0
202.0,93.0
201.0,95.0
200.0,97.0
199.0,99.0
198.0,100.0
197.0,102.0
196.0,105.0
196.0,106.0
195.0,108.0
194.0,110.0
193.0,112.0
192.0,114.0
192.0,115.0
190.0,118.0
189.0,119.0
188.0,122.0
187.0,123.0
187.0,124.0
185.0,127.0
185.0,128.0
183.0,131.0
183.0,132.0
182.0,134.0
181.0,135.0
180.0,138.0
179.0,139.0
178.0,141.0
177.0,144.0
176.0,146.0
175.0,148.0
174.0,150.0
173.0,152.0
172.0,153.0
172.0,154.0
171.0,156.0
169.0,159.0
169.0,160.0
167.0,164.0
166.0,165.0
165.0,167.0
163.0,169.0
163.0,171.0
161.0,174.0
160.0,176.0
159.0,178.0
158.0,180.0
157.0,183.0
156.0,185.0
155.0,188.0
153.0,190.0
152.0,193.0
153.0,198.0
152.0,199.0
149.0,201.0
148.0,202.0
144.0,205.0
142.0,206.0
141.0,206.0
139.0,207.0
136.0,207.0
133.0,207.0
131.0,207.0
128.0,206.0
125.0,206.0
122.0,205.0
119.0,202.0
90.0,111.0
90.0,114.0
90.0,115.0
89.0,116.0
89.0,119.0
88.0,119.0
88.0,122.0
87.0,123.0
87.0,126.0
86.0,130.0
85.0,131.0
85.0,133.0
84.0,136.0
83.0,138.0
82.0,140.0
81.0,141.0
79.0,145.0
78.0,146.0
77.0,146.0
75.0,148.0
74.0,149.0
72.0,151.0
72.0,150.0
70.0,152.0
68.0,152.0
67.0,152.0
65.0,152.0
64.0,152.0
62.0,152.0
61.0,152.0
60.0,152.0
58.0,152.0
57.0,152.0
55.0,152.0
54.0,152.0
52.0,152.0
51.0,151.0
50.0,150.0
48.0,150.0
47.0,150.0
46.0,149.0
45.0,149.0
43.0,148.0
42.0,147.0
41.0,146.0
40.0,144.0
39.0,144.0
37.0,143.0
36.0,142.0
35.0,141.0
34.0,141.0
33.0,140.0
32.0,139.0
32.0,137.0
31.0,136.0
30.0,135.0
30.0,133.0
30.0,131.0
29.0,130.0
28.0,128.0
28.0,127.0
27.0,126.0
26.0,125.0
26.0,124.0
25.0,123.0
25.0,121.0
24.0,120.0
24.0,119.0
24.0,117.0
24.0,116.0
26.0,113.0
26.0,111.0
24.0,111.0
26.0,109.0
27.0,107.0
27.0,105.0
27.0,104.0
28.0,102.0
29.0,101.0
29.0,99.0
30.0,98.0
32.0,96.0
33.0,94.0
34.0,93.0
35.0,92.0
38.0,90.0
40.0,88.0
39.0,88.0
41.0,86.0
43.0,85.0
44.0,84.0
44.0,83.0
46.0,82.0
45.0,82.0
47.0,81.0
48.0,80.0
49.0,79.0
52.0,78.0
51.0,78.0
52.0,77.0
51.0,77.0
52.0,76.0
65.0,75.0
54.0,75.0
55.0,74.0
56.0,73.0
56.0,72.0
56.0,71.0
66.0,72.0
57.0,70.0
58.0,70.0
58.0,69.0
58.0,68.0
58.0,67.0
57.0,66.0
57.0,65.0
56.0,64.0
57.0,64.0
56.0,63.0
55.0,62.0
56.0,62.0
55.0,61.0
56.0,61.0
54.0,59.0
53.0,58.0
52.0,57.0
52.0,56.0
53.0,56.0
50.0,53.0
49.0,52.0
48.0,50.0
46.0,48.0
44.0,45.0
44.0,44.0
42.0,41.0
41.0,39.0
41.0,38.0
41.0,37.0
41.0,36.0
41.0,35.0
42.0,34.0
42.0,33.0
43.0,32.0
43.0,31.0
44.0,30.0
44.0,29.0
45.0,28.0
45.0,26.0
46.0,26.0
46.0,25.0
47.0,24.0
47.0,22.0
48.0,21.0
49.0,21.0
49.0,20.0
50.0,19.0
51.0,18.0
52.0,17.0
53.0,17.0
53.0,16.0
55.0,16.0
55.0,15.0
56.0,14.0
57.0,13.0
58.0,13.0
59.0,12.0
60.0,12.0
62.0,12.0
63.0,12.0
64.0,11.0
65.0,11.0
66.0,10.0
67.0,10.0
68.0,11.0
70.0,12.0
71.0,12.0
72.0,12.0
73.0,12.0
74.0,12.0
75.0,12.0
76.0,13.0
77.0,13.0
78.0,13.0
79.0,14.0
81.0,15.0
82.0,15.0
83.0,15.0
84.0,15.0
85.0,15.0
86.0,15.0
87.0,16.0
88.0,15.0
89.0,15.0
90.0,15.0
91.0,15.0
92.0,15.0
93.0,15.0
94.0,15.0
95.0,15.0
96.0,15.0
98.0,15.0
99.0,15.0
100.0,15.0
101.0,15.0
102.0,15.0
103.0,15.0
104.0,16.0
105.0,16.0
107.0,16.0
108.0,16.0
110.0,15.0
111.0,15.0
112.0,15.0
114.0,15.0
116.0,13.0
118.0,13.0
119.0,13.0
121.0,13.0
123.0,12.0
124.0,13.0
125.0,14.0
126.0,15.0
127.0,15.0
129.0,15.0
131.0,15.0
133.0,15.0
135.0,15.0
136.0,15.0
140.0,13.0
142.0,14.0
144.0,14.0
145.0,15.0
147.0,15.0
150.0,15.0
152.0,15.0
155.0,15.0
158.0,15.0
160.0,15.0
162.0,16.0
165.0,16.0
170.0,15.0
177.0,13.0
181.0,13.0
182.0,14.0
185.0,15.0
187.0,16.0
189.0,18.0
190.0,19.0
193.0,21.0
193.0,23.0
193.0,24.0
195.0,27.0
196.0,29.0
197.0,31.0
198.0,33.0
198.0,34.0
198.0,36.0
198.0,38.0
199.0,40.0
199.0,43.0
200.0,45.0
200.0,47.0
201.0,50.0
202.0,52.0
203.0,54.0
203.0,55.0
203.0,57.0
203.0,59.0
204.0,63.0
204.0,64.0
204.0,66.0
204.0,68.0
204.0,70.0
204.0,72.0
201.0,50.0
202.0,52.0
203.0,54.0
203.0,56.0
203.0,58.0
203.0,60.0
203.0,62.0
204.0,65.0
204.0,67.0
204.0,69.0
204.0,71.0
205.0,74.0
205.0,76.0
205.0,78.0
205.0,80.0
205.0,82.0
204.0,85.0
204.0,87.0
204.0,88.0
203.0,90.0
202.0,93.0
201.0,95.0
200.0,97.0
199.0,99.0
198.0,100.0
197.0,102.0
196.0,106.0
195.0,108.0
194.0,110.0
193.0,112.0
192.0,114.0
192.0,115.0
190.0,118.0
189.0,119.0
188.0,122.0
187.0,124.0
186.0,125.0
185.0,128.0
184.0,129.0
183.0,132.0
182.0,134.0
181.0,135.0
180.0,138.0
179.0,139.0
178.0,141.0
176.0,145.0
175.0,147.0
174.0,150.0
173.0,152.0
172.0,154.0
171.0,156.0
169.0,159.0
168.0,161.0
167.0,164.0
165.0,166.0
164.0,168.0
163.0,171.0
161.0,174.0
160.0,177.0
158.0,179.0
157.0,183.0
156.0,185.0
154.0,189.0
153.0,192.0
153.0,198.0
150.0,200.0
148.0,202.0
146.0,203.0
144.0,205.0
142.0,206.0
139.0,207.0
136.0,207.0
133.0,207.0
130.0,207.0
127.0,206.0
124.0,205.0
120.0,203.0
116.0,196.0
93.0,104.0
92.0,104.0
92.0,106.0
91.0,111.0
90.0,113.0
90.0,115.0
89.0,119.0
88.0,122.0
87.0,126.0
85.0,133.0
84.0,136.0
83.0,138.0
81.0,141.0
79.0,145.0
77.0,146.0
76.0,147.0
74.0,149.0
72.0,151.0
70.0,152.0
68.0,152.0
66.0,152.0
64.0,152.0
62.0,152.0
60.0,152.0
58.0,152.0
57.0,152.0
55.0,152.0
53.0,152.0
52.0,152.0
49.0,150.0
47.0,150.0
46.0,149.0
45.0,149.0
43.0,148.0
42.0,147.0
40.0,144.0
39.0,144.0
37.0,143.0
36.0,142.0
34.0,141.0
33.0,140.0
32.0,138.0
31.0,136.0
30.0,134.0
30.0,131.0
29.0,129.0
28.0,128.0
27.0,126.0
26.0,125.0
25.0,123.0
24.0,120.0
24.0,119.0
24.0,117.0
26.0,112.0
24.0,111.0
26.0,108.0
27.0,104.0
28.0,102.0
29.0,99.0
39.0,88.0
56.0,71.0
68.0,60.0
58.0,68.0
58.0,67.0
69.0,58.0
58.0,66.0
57.0,66.0
57.0,65.0
58.0,64.0
57.0,64.0
56.0,64.0
57.0,63.0
56.0,63.0
56.0,62.0
55.0,62.0
56.0,61.0
55.0,61.0
56.0,60.0
55.0,60.0
55.0,59.0
54.0,59.0
55.0,58.0
53.0,58.0
55.0,57.0
53.0,57.0
52.0,57.0
53.0,56.0
52.0,56.0
52.0,55.0
64.0,52.0
52.0,54.0
51.0,54.0
51.0,53.0
50.0,53.0
50.0,52.0
49.0,52.0
49.0,51.0
48.0,50.0
60.0,49.0
47.0,49.0
46.0,48.0
46.0,47.0
58.0,47.0
45.0,46.0
44.0,45.0
60.0,46.0
44.0,44.0
44.0,43.0
43.0,42.0
42.0,41.0
43.0,41.0
41.0,40.0
41.0,39.0
41.0,38.0
42.0,38.0
41.0,37.0
41.0,36.0
41.0,35.0
42.0,35.0
42.0,34.0
42.0,33.0
43.0,33.0
43.0,32.0
43.0,31.0
44.0,31.0
44.0,30.0
44.0,29.0
45.0,29.0
45.0,28.0
45.0,27.0
45.0,26.0
46.0,26.0
46.0,25.0
47.0,25.0
47.0,24.0
47.0,23.0
47.0,22.0
48.0,22.0
48.0,21.0
49.0,21.0
49.0,20.0
50.0,20.0
50.0,19.0
51.0,19.0
51.0,18.0
52.0,17.0
53.0,17.0
53.0,16.0
54.0,16.0
55.0,16.0
55.0,15.0
56.0,15.0
56.0,14.0
57.0,14.0
57.0,13.0
58.0,13.0
59.0,13.0
59.0,12.0
60.0,12.0
61.0,12.0
62.0,12.0
63.0,13.0
63.0,12.0
64.0,12.0
64.0,11.0
65.0,11.0
66.0,11.0
66.0,10.0
67.0,10.0
68.0,11.0
69.0,12.0
70.0,12.0
71.0,13.0
71.0,12.0
72.0,12.0
73.0,12.0
74.0,14.0
74.0,12.0
75.0,12.0
76.0,14.0
76.0,13.0
77.0,13.0
78.0,13.0
79.0,14.0
80.0,15.0
81.0,27.0
81.0,15.0
82.0,15.0
83.0,15.0
83.0,27.0
84.0,15.0
85.0,15.0
86.0,15.0
86.0,16.0
87.0,16.0
88.0,15.0
89.0,15.0
89.0,16.0
90.0,15.0
90.0,16.0
91.0,15.0
92.0,15.0
92.0,16.0
93.0,15.0
94.0,15.0
94.0,16.0
95.0,15.0
96.0,15.0
96.0,16.0
97.0,15.0
98.0,15.0
98.0,16.0
99.0,15.0
100.0,15.0
101.0,15.0
101.0,16.0
102.0,15.0
103.0,15.0
103.0,16.0
104.0,16.0
105.0,16.0
106.0,16.0
107.0,16.0
107.0,17.0
109.0,15.0
110.0,15.0
111.0,15.0
112.0,15.0
113.0,15.0
116.0,13.0
118.0,13.0
119.0,13.0
120.0,13.0
123.0,12.0
123.0,13.0
124.0,13.0
125.0,14.0
125.0,15.0
127.0,15.0
129.0,15.0
130.0,15.0
131.0,15.0
134.0,15.0
140.0,13.0
140.0,14.0
143.0,14.0
144.0,14.0
146.0,15.0
149.0,15.0
152.0,15.0
156.0,15.0
159.0,15.0
161.0,16.0
165.0,16.0
178.0,13.0
181.0,13.0
183.0,15.0
186.0,16.0
188.0,17.0
190.0,19.0
191.0,20.0
193.0,21.0
193.0,23.0
194.0,26.0
195.0,27.0
196.0,29.0
197.0,31.0
198.0,33.0
198.0,34.0
198.0,36.0
198.0,38.0
199.0,40.0
199.0,42.0
200.0,45.0
200.0,46.0
203.0,56.0
203.0,57.0
193.0,57.0
203.0,58.0
203.0,59.0
203.0,60.0
203.0,61.0
202.0,61.0
203.0,62.0
204.0,63.0
203.0,63.0
204.0,64.0
203.0,64.0
204.0,65.0
204.0,66.0
203.0,66.0
204.0,67.0
204.0,68.0
203.0,68.0
204.0,69.0
204.0,70.0
203.0,70.0
204.0,71.0
204.0,72.0
203.0,72.0
205.0,74.0
204.0,74.0
205.0,75.0
205.0,76.0
205.0,77.0
205.0,78.0
204.0,78.0
205.0,79.0
205.0,80.0
205.0,81.0
205.0,82.0
204.0,82.0
204.0,83.0
204.0,84.0
204.0,85.0
204.0,86.0
204.0,87.0
204.0,88.0
203.0,89.0
203.0,90.0
202.0,90.0
202.0,91.0
202.0,92.0
202.0,93.0
201.0,94.0
201.0,95.0
200.0,95.0
200.0,97.0
199.0,97.0
199.0,99.0
198.0,99.0
198.0,100.0
197.0,101.0
197.0,102.0
196.0,103.0
196.0,105.0
196.0,106.0
195.0,107.0
195.0,108.0
194.0,110.0
193.0,110.0
193.0,112.0
192.0,113.0
192.0,115.0
191.0,116.0
190.0,118.0
189.0,118.0
189.0,119.0
188.0,122.0
187.0,124.0
186.0,125.0
185.0,128.0
184.0,129.0
183.0,131.0
182.0,134.0
181.0,135.0
180.0,138.0
179.0,139.0
178.0,141.0
176.0,146.0
175.0,148.0
173.0,152.0
172.0,154.0
170.0,157.0
168.0,161.0
166.0,165.0
163.0,171.0
161.0,175.0
158.0,180.0
155.0,188.0
151.0,199.0
148.0,202.0
145.0,204.0
142.0,206.0
139.0,207.0
138.0,207.0
134.0,207.0
131.0,207.0
129.0,207.0
126.0,206.0
125.0,206.0
122.0,205.0
120.0,203.0
118.0,200.0
116.0,196.0
115.0,194.0
114.0,189.0
113.0,186.0
113.0,180.0
123.0,152.0
123.0,150.0
122.0,147.0
121.0,144.0
121.0,142.0
120.0,140.0
119.0,139.0
118.0,136.0
118.0,134.0
117.0,133.0
116.0,130.0
116.0,128.0
116.0,126.0
115.0,124.0
115.0,122.0
115.0,120.0
116.0,117.0
117.0,113.0
125.0,103.0
78.0,146.0
69.0,152.0
65.0,152.0
61.0,152.0
57.0,152.0
53.0,152.0
51.0,151.0
47.0,150.0
45.0,149.0
42.0,147.0
41.0,146.0
38.0,143.0
35.0,141.0
33.0,140.0
32.0,139.0
30.0,135.0
30.0,134.0
29.0,130.0
28.0,128.0
26.0,125.0
25.0,123.0
24.0,120.0
24.0,118.0
26.0,114.0
24.0,111.0
26.0,108.0
27.0,105.0
28.0,102.0
29.0,99.0
33.0,95.0
35.0,92.0
39.0,88.0
41.0,86.0
45.0,82.0
49.0,79.0
51.0,77.0
55.0,74.0
56.0,72.0
58.0,69.0
57.0,66.0
57.0,65.0
56.0,64.0
55.0,62.0
54.0,59.0
52.0,57.0
51.0,54.0
49.0,52.0
48.0,50.0
46.0,48.0
44.0,45.0
44.0,43.0
42.0,41.0
41.0,38.0
41.0,36.0
41.0,35.0
42.0,33.0
43.0,31.0
44.0,29.0
45.0,26.0
47.0,23.0
47.0,22.0
49.0,20.0
50.0,19.0
52.0,17.0
55.0,15.0
56.0,14.0
59.0,12.0
63.0,12.0
65.0,11.0
73.0,12.0
84.0,15.0
88.0,15.0
91.0,15.0
94.0,15.0
98.0,15.0
100.0,15.0
103.0,15.0
107.0,16.0
109.0,15.0
111.0,15.0
113.0,15.0
115.0,15.0
116.0,14.0
116.0,13.0
118.0,13.0
120.0,13.0
122.0,13.0
123.0,12.0
128.0,15.0
129.0,15.0
130.0,15.0
133.0,16.0
133.0,15.0
135.0,15.0
136.0,15.0
137.0,15.0
138.0,14.0
139.0,14.0
139.0,13.0
140.0,13.0
142.0,14.0
143.0,14.0
144.0,14.0
146.0,15.0
147.0,15.0
148.0,15.0
149.0,15.0
150.0,15.0
151.0,15.0
152.0,16.0
152.0,15.0
153.0,15.0
154.0,15.0
155.0,15.0
156.0,15.0
157.0,16.0
157.0,15.0
158.0,15.0
159.0,15.0
160.0,15.0
161.0,16.0
164.0,27.0
162.0,16.0
163.0,16.0
164.0,17.0
164.0,16.0
165.0,16.0
166.0,16.0
168.0,28.0
167.0,16.0
168.0,16.0
169.0,27.0
169.0,15.0
170.0,15.0
171.0,15.0
172.0,15.0
173.0,15.0
173.0,27.0
174.0,15.0
175.0,15.0
176.0,14.0
177.0,13.0
177.0,14.0
178.0,13.0
179.0,13.0
180.0,13.0
180.0,14.0
181.0,13.0
182.0,14.0
182.0,15.0
183.0,15.0
184.0,15.0
185.0,15.0
185.0,16.0
186.0,16.0
187.0,16.0
187.0,17.0
188.0,17.0
188.0,18.0
189.0,18.0
189.0,20.0
190.0,19.0
190.0,21.0
191.0,20.0
192.0,21.0
192.0,22.0
193.0,21.0
193.0,23.0
193.0,24.0
193.0,25.0
193.0,26.0
194.0,26.0
194.0,27.0
195.0,27.0
195.0,28.0
195.0,29.0
196.0,29.0
196.0,30.0
196.0,31.0
197.0,31.0
197.0,32.0
197.0,33.0
198.0,33.0
198.0,34.0
197.0,35.0
198.0,35.0
198.0,36.0
198.0,37.0
197.0,38.0
198.0,38.0
198.0,39.0
197.0,40.0
198.0,40.0
199.0,40.0
199.0,41.0
198.0,42.0
199.0,42.0
190.0,47.0
199.0,43.0
199.0,44.0
198.0,45.0
199.0,45.0
200.0,45.0
200.0,46.0
198.0,47.0
200.0,47.0
198.0,48.0
200.0,48.0
199.0,49.0
200.0,49.0
199.0,50.0
201.0,50.0
199.0,51.0
201.0,51.0
192.0,53.0
202.0,52.0
190.0,54.0
202.0,53.0
203.0,54.0
192.0,55.0
203.0,55.0
184.0,129.0
183.0,130.0
172.0,130.0
183.0,131.0
183.0,132.0
182.0,132.0
182.0,133.0
180.0,133.0
182.0,134.0
171.0,133.0
181.0,135.0
180.0,136.0
178.0,136.0
180.0,137.0
180.0,138.0
179.0,138.0
179.0,139.0
178.0,139.0
177.0,139.0
178.0,140.0
178.0,141.0
177.0,141.0
176.0,141.0
177.0,142.0
177.0,143.0
176.0,143.0
177.0,144.0
176.0,144.0
176.0,145.0
175.0,145.0
176.0,146.0
175.0,146.0
175.0,147.0
174.0,147.0
175.0,148.0
174.0,148.0
174.0,149.0
174.0,150.0
172.0,149.0
173.0,150.0
173.0,151.0
173.0,152.0
172.0,152.0
172.0,153.0
172.0,154.0
171.0,154.0
171.0,155.0
171.0,156.0
170.0,156.0
170.0,157.0
169.0,156.0
169.0,157.0
169.0,158.0
169.0,160.0
168.0,159.0
168.0,161.0
167.0,160.0
167.0,161.0
167.0,163.0
167.0,164.0
166.0,164.0
166.0,165.0
165.0,165.0
165.0,167.0
164.0,166.0
164.0,168.0
163.0,168.0
163.0,170.0
163.0,171.0
162.0,172.0
162.0,173.0
161.0,174.0
161.0,175.0
160.0,177.0
159.0,176.0
159.0,178.0
158.0,180.0
157.0,180.0
157.0,183.0
156.0,185.0
155.0,186.0
155.0,188.0
154.0,189.0
153.0,198.0
152.0,199.0
151.0,199.0
150.0,200.0
149.0,201.0
147.0,202.0
146.0,203.0
145.0,204.0
143.0,205.0
142.0,206.0
140.0,206.0
139.0,207.0
138.0,207.0
136.0,207.0
135.0,207.0
133.0,207.0
132.0,207.0
130.0,207.0
129.0,207.0
128.0,206.0
126.0,206.0
125.0,206.0
124.0,205.0
122.0,205.0
121.0,204.0
120.0,203.0
119.0,202.0
118.0,200.0
118.0,199.0
117.0,198.0
116.0,196.0
115.0,194.0
115.0,193.0
115.0,191.0
114.0,189.0
114.0,187.0
113.0,186.0
113.0,185.0
113.0,182.0
113.0,180.0
115.0,176.0
116.0,173.0
117.0,170.0
118.0,167.0
122.0,161.0
123.0,158.0
123.0,157.0
123.0,156.0
123.0,155.0
124.0,153.0
124.0,152.0
123.0,152.0
123.0,151.0
123.0,150.0
124.0,149.0
123.0,149.0
123.0,148.0
124.0,147.0
123.0,147.0
122.0,147.0
122.0,146.0
123.0,145.0
122.0,145.0
123.0,144.0
121.0,144.0
122.0,143.0
121.0,143.0
122.0,142.0
121.0,142.0
122.0,141.0
120.0,141.0
121.0,140.0
120.0,140.0
121.0,139.0
119.0,139.0
121.0,138.0
119.0,138.0
68.0,152.0
63.0,152.0
57.0,152.0
52.0,152.0
50.0,150.0
46.0,149.0
43.0,148.0
41.0,146.0
41.0,145.0
37.0,143.0
34.0,141.0
33.0,140.0
32.0,139.0
31.0,136.0
30.0,135.0
30.0,133.0
29.0,130.0
28.0,127.0
26.0,125.0
25.0,123.0
25.0,121.0
24.0,119.0
24.0,116.0
25.0,115.0
26.0,112.0
24.0,111.0
26.0,108.0
27.0,106.0
27.0,104.0
28.0,102.0
29.0,100.0
29.0,99.0
31.0,97.0
33.0,94.0
34.0,93.0
35.0,92.0
38.0,90.0
39.0,88.0
40.0,87.0
42.0,86.0
44.0,83.0
45.0,82.0
47.0,81.0
48.0,80.0
50.0,79.0
51.0,77.0
53.0,76.0
55.0,74.0
56.0,72.0
56.0,71.0
58.0,69.0
57.0,66.0
55.0,62.0
52.0,57.0
49.0,52.0
44.0,45.0
41.0,40.0
41.0,36.0
41.0,35.0
42.0,33.0
44.0,29.0
45.0,27.0
46.0,25.0
47.0,22.0
49.0,20.0
51.0,18.0
53.0,16.0
55.0,15.0
57.0,13.0
59.0,12.0
60.0,12.0
64.0,11.0
66.0,10.0
70.0,12.0
73.0,12.0
75.0,12.0
79.0,14.0
83.0,15.0
85.0,15.0
88.0,15.0
90.0,15.0
93.0,15.0
95.0,15.0
98.0,15.0
100.0,15.0
102.0,15.0
105.0,16.0
107.0,16.0
109.0,15.0
111.0,15.0
114.0,15.0
116.0,13.0
117.0,13.0
120.0,13.0
123.0,12.0
124.0,13.0
126.0,15.0
128.0,15.0
130.0,15.0
133.0,15.0
135.0,15.0
137.0,15.0
139.0,13.0
140.0,13.0
142.0,14.0
144.0,14.0
147.0,15.0
149.0,15.0
151.0,15.0
153.0,15.0
155.0,15.0
157.0,15.0
159.0,15.0
160.0,15.0
163.0,16.0
165.0,16.0
167.0,16.0
170.0,15.0
172.0,15.0
174.0,15.0
176.0,14.0
179.0,13.0
181.0,13.0
182.0,14.0
185.0,15.0
186.0,16.0
187.0,16.0
189.0,18.0
191.0,20.0
193.0,21.0
193.0,23.0
194.0,26.0
196.0,29.0
197.0,31.0
198.0,33.0
198.0,35.0
198.0,39.0
199.0,41.0
200.0,45.0
200.0,46.0
200.0,49.0
201.0,51.0
202.0,52.0
203.0,54.0
203.0,57.0
203.0,59.0
203.0,62.0
204.0,63.0
204.0,65.0
204.0,67.0
204.0,69.0
204.0,72.0
204.0,73.0
205.0,74.0
205.0,76.0
205.0,78.0
205.0,80.0
205.0,82.0
204.0,84.0
204.0,86.0
204.0,87.0
203.0,90.0
202.0,92.0
202.0,93.0
201.0,95.0
200.0,97.0
199.0,99.0
197.0,101.0
197.0,102.0
196.0,104.0
196.0,105.0
196.0,106.0
195.0,108.0
194.0,109.0
194.0,110.0
193.0,111.0
193.0,112.0
192.0,113.0
192.0,114.0
192.0,115.0
191.0,116.0
190.0,117.0
190.0,118.0
189.0,119.0
188.0,120.0
188.0,121.0
187.0,122.0
188.0,122.0
187.0,123.0
187.0,124.0
186.0,125.0
185.0,126.0
185.0,127.0
173.0,128.0
185.0,128.0
161.0,175.0
160.0,176.0
150.0,176.0
160.0,177.0
159.0,178.0
158.0,178.0
148.0,177.0
158.0,179.0
158.0,180.0
157.0,180.0
157.0,181.0
156.0,181.0
157.0,182.0
156.0,182.0
157.0,183.0
155.0,183.0
147.0,180.0
156.0,184.0
155.0,184.0
156.0,185.0
155.0,185.0
146.0,181.0
155.0,186.0
154.0,186.0
155.0,187.0
154.0,187.0
155.0,188.0
153.0,187.0
154.0,188.0
154.0,189.0
153.0,189.0
153.0,190.0
152.0,190.0
153.0,191.0
153.0,192.0
145.0,185.0
152.0,192.0
152.0,193.0
152.0,194.0
144.0,186.0
152.0,195.0
153.0,197.0
153.0,198.0
152.0,198.0
151.0,197.0
152.0,199.0
151.0,199.0
150.0,198.0
150.0,199.0
150.0,200.0
148.0,198.0
149.0,200.0
149.0,201.0
148.0,201.0
148.0,202.0
147.0,201.0
147.0,202.0
146.0,201.0
146.0,203.0
145.0,202.0
145.0,203.0
145.0,204.0
144.0,204.0
144.0,205.0
143.0,203.0
143.0,205.0
142.0,204.0
142.0,206.0
141.0,205.0
141.0,206.0
140.0,205.0
140.0,206.0
139.0,206.0
139.0,207.0
138.0,207.0
137.0,203.0
137.0,206.0
136.0,207.0
135.0,207.0
134.0,207.0
133.0,207.0
132.0,207.0
131.0,207.0
132.0,194.0
130.0,207.0
129.0,207.0
129.0,206.0
128.0,206.0
128.0,205.0
127.0,206.0
127.0,205.0
126.0,206.0
126.0,204.0
125.0,206.0
125.0,204.0
124.0,205.0
124.0,204.0
123.0,205.0
122.0,205.0
122.0,204.0
122.0,203.0
121.0,204.0
121.0,202.0
120.0,203.0
120.0,202.0
120.0,201.0
119.0,202.0
119.0,200.0
120.0,198.0
118.0,200.0
118.0,199.0
118.0,198.0
119.0,196.0
117.0,198.0
117.0,197.0
117.0,196.0
125.0,186.0
116.0,196.0
116.0,195.0
116.0,194.0
115.0,194.0
115.0,193.0
115.0,192.0
115.0,191.0
116.0,190.0
115.0,190.0
116.0,189.0
115.0,189.0
116.0,188.0
114.0,189.0
116.0,187.0
115.0,187.0
116.0,186.0
114.0,187.0
116.0,185.0
114.0,186.0
113.0,186.0
114.0,185.0
113.0,185.0
114.0,184.0
113.0,184.0
115.0,183.0
114.0,183.0
113.0,183.0
114.0,182.0
113.0,182.0
114.0,181.0
113.0,181.0
114.0,180.0
113.0,180.0
125.0,177.0
114.0,179.0
116.0,178.0
114.0,178.0
126.0,176.0
115.0,177.0
124.0,176.0
115.0,176.0
115.0,175.0
116.0,174.0
116.0,173.0
118.0,173.0
127.0,174.0
116.0,172.0
117.0,172.0
117.0,171.0
118.0,171.0
52.0,152.0
42.0,147.0
41.0,145.0
34.0,141.0
32.0,138.0
31.0,136.0
30.0,133.0
30.0,131.0
28.0,128.0
26.0,125.0
25.0,122.0
24.0,119.0
24.0,117.0
24.0,116.0
26.0,113.0
24.0,111.0
26.0,108.0
27.0,106.0
27.0,104.0
28.0,102.0
29.0,99.0
30.0,98.0
31.0,97.0
33.0,94.0
34.0,93.0
36.0,91.0
38.0,90.0
39.0,88.0
40.0,87.0
42.0,86.0
44.0,83.0
45.0,82.0
48.0,80.0
49.0,79.0
51.0,77.0
52.0,76.0
55.0,74.0
56.0,72.0
57.0,70.0
56.0,64.0
41.0,38.0
42.0,34.0
43.0,31.0
45.0,27.0
46.0,25.0
48.0,21.0
50.0,19.0
52.0,17.0
53.0,16.0
57.0,13.0
59.0,12.0
64.0,11.0
66.0,10.0
68.0,11.0
72.0,12.0
75.0,12.0
79.0,14.0
83.0,15.0
86.0,15.0
89.0,15.0
92.0,15.0
95.0,15.0
98.0,15.0
100.0,15.0
103.0,15.0
106.0,16.0
109.0,15.0
112.0,15.0
116.0,13.0
117.0,13.0
120.0,13.0
123.0,12.0
126.0,15.0
129.0,15.0
133.0,15.0
136.0,15.0
139.0,13.0
140.0,13.0
144.0,14.0
147.0,15.0
150.0,15.0
153.0,15.0
156.0,15.0
159.0,15.0
160.0,15.0
164.0,16.0
167.0,16.0
170.0,15.0
173.0,15.0
177.0,13.0
180.0,13.0
181.0,13.0
185.0,15.0
187.0,16.0
189.0,18.0
191.0,20.0
193.0,23.0
195.0,27.0
196.0,29.0
198.0,33.0
198.0,38.0
199.0,42.0
200.0,46.0
201.0,50.0
202.0,53.0
203.0,56.0
203.0,61.0
204.0,63.0
204.0,68.0
204.0,72.0
205.0,74.0
205.0,78.0
205.0,81.0
204.0,86.0
203.0,90.0
200.0,97.0
196.0,104.0
195.0,108.0
193.0,112.0
192.0,115.0
188.0,121.0
187.0,124.0
185.0,128.0
183.0,131.0
182.0,134.0
180.0,137.0
180.0,138.0
178.0,141.0
177.0,143.0
177.0,144.0
176.0,146.0
175.0,148.0
174.0,150.0
173.0,151.0
173.0,152.0
171.0,154.0
172.0,154.0
171.0,156.0
170.0,157.0
169.0,158.0
169.0,159.0
169.0,160.0
168.0,161.0
167.0,162.0
166.0,163.0
167.0,163.0
167.0,164.0
166.0,165.0
165.0,166.0
163.0,167.0
165.0,167.0
164.0,168.0
162.0,169.0
163.0,169.0
162.0,170.0
163.0,170.0
162.0,171.0
163.0,171.0
162.0,172.0
162.0,173.0
150.0,174.0
161.0,174.0